<application>
  <component name="AndroidLogcatFilterHistory">
    <option name="mostRecentlyUsed" value="package:vn.mytvnet.b2cott  TVC" />
    <option name="nonFavorites">
      <list>
        <option value="package:vn.mytvnet.b2cott  TVC" />
        <option value="package:vn.mytvnet.b2cott  TVC_LOAD" />
        <option value="package:vn.mytvnet.b2cott  " />
        <option value="package:vn.mytvnet.b2cott  LogBehaviourTvcBanner" />
        <option value="package:vn.mytvnet.b2cott  tvc" />
        <option value="package:vn.mytvnet.b2cott  home-page" />
        <option value="package:vn.mytvnet.b2cott  Tvc" />
        <option value="package:vn.mytvnet.b2cott  TVC_LOADBANNER" />
        <option value="package:vn.mytvnet.b2cott " />
        <option value="package:vn.mytvnet.b2cott tvc" />
        <option value="package:vn.mytvnet.b2cott get-banner" />
        <option value="package:vn.mytvnet.b2cott Bea" />
        <option value="package:vn.mytvnet.b2cott TVC" />
        <option value="package:vn.mytvnet.b2cott ads" />
        <option value="package:vn.mytvnet.b2cott" />
        <option value="package:com.example.mytv_demo username" />
        <option value="package:mine " />
        <option value="package:mine TVC" />
        <option value="package:mine home" />
        <option value="package:mine" />
      </list>
    </option>
  </component>
</application>