<keymap version="1" name="KDE Proper Redo" parent="Default for KDE">
  <action id="$Redo">
    <keyboard-shortcut first-keystroke="shift ctrl z" />
    <keyboard-shortcut first-keystroke="shift alt back_space" />
    <keyboard-shortcut first-keystroke="ctrl y" />
  </action>
  <action id="EditorDeleteLine" />
  <action id="ReformatCode">
    <keyboard-shortcut first-keystroke="shift alt l" />
    <keyboard-shortcut first-keystroke="alt l" />
  </action>
  <action id="ShowReformatFileDialog">
    <keyboard-shortcut first-keystroke="shift ctrl alt l" />
    <keyboard-shortcut first-keystroke="ctrl alt l" />
  </action>
  <action id="UpdateRunningApplication" />
  <action id="android.deploy.ApplyChanges">
    <keyboard-shortcut first-keystroke="ctrl f10" />
  </action>
  <action id="android.deploy.CodeSwap">
    <keyboard-shortcut first-keystroke="ctrl alt f10" />
  </action>
</keymap>